{"train/loss": 1.2944, "train/learning_rate": 1.6216216216216219e-06, "train/epoch": 0.01, "train/global_step": 6, "_timestamp": 1698144243.930818, "_runtime": 300.57669615745544, "_step": 5, "_wandb": {"runtime": 323}}