{"train/loss": 1.2526, "train/learning_rate": 1.0810810810810812e-06, "train/epoch": 0.0, "train/global_step": 4, "_timestamp": 1698143351.1516616, "_runtime": 461.19857573509216, "_step": 3, "_wandb": {"runtime": 558}}